insert into obra_social values( 100, 'OSDE', 'Jorge', 'Osdelaga', 1164358292, 'jorgeosde@yahoo.com');
insert into obra_social values( 200, 'Medifé', 'Ricardo', 'Lopez', 1141425870, 'rickylopez@hotmail.com');
insert into obra_social values( 300, 'Avalian', 'Arnaldo', 'Gomez Castro', 1171824577, 'arnaldo_gs@gmail.com');
insert into obra_social values( 400, 'Swiss Medical', 'Pedro', 'Rossi', 1164358292, 'pedrorossi@hotmail.com');

insert into paciente values ( 1, 'Bryan', 'Cranston', 16774869, '1956-03-07', 100, 1001, 'Pte. Peron 123, Grand Bourg', '1143527303', 'bryancranston@gmail.com');
insert into paciente values ( 2, 'Aaron', 'Paul', 33651237, '1979-08-27', null, null,'Rivadavia 1573, Polvorines', '1124756891', 'aaronp@yahoo.com'); 
insert into paciente values ( 3, 'Bob', 'Odenkirk', 21444139, '1962-10-22', 200, 2001, 'Paunero 374, San Miguel', '1147658473', 'bobodenkirk@hotmail.com.com');
insert into paciente values ( 4, 'Jennifer', 'Aniston', 24541769, '1969-02-11', 400, 4001, 'Segurola 1734, CABA', '1161859262', 'jenniferaniston@hotmail.com');
insert into paciente values ( 5, 'Jonathan', 'Banks', 11134762, '1947-01-31', 200, 2002, 'Miranda 1449, Jose C. Paz', '1172689412', 'jonathanbanks@gmail.com');
insert into paciente values ( 6, 'Giancarlo', 'Esposito', 20912476, '1958-04-26', 300, 3001, 'Aristobulo del valle 632, San Miguel', '1172345182', 'gcesposito@gmail.com');
insert into paciente values ( 7, 'Antonio', 'Dalton', 27731465, '1975-02-13', null, null, 'Maipu 732, Vicente Lopez', '1191763242', 'tonydalton@gmail.com');
insert into paciente values ( 8, 'Uma', 'Thurman', 25305811, '1970-04-29', 400, 4002, 'Darragueira 2362, Polvorines', '1174836792', 'umathurman@hotmail.com');
insert into paciente values ( 9, 'Tim', 'Roth', 20168762, '1961-05-14', 300, 3002, 'Saavedra 473, San Miguel', '1184679516', 'timroth@yahoo.com');
insert into paciente values ( 10, 'Anya', 'Taylor-Joy', 38576183, '1996-04-16', 200, 2003, 'Jose Ingenieros 4734, CABA', '1184596235', 'anyatj@gmail.com');
insert into paciente values ( 11, 'Scarlett', 'Johansson', 33473891, '1984-11-22', null, null, 'Compostela 523, Jose C. Paz', '1124759681', 'bwillis@gmail.com');
insert into paciente values ( 12, 'Salma', 'Hayek', 23142673, '1966-09-02', 100, 1002, 'Azcuenaga 1348, San Miguel', '1143527303', 'bryancranston@gmail.com');
insert into paciente values ( 13, 'Antonio', 'Banderas', 19846735, '1960-08-10', 100, 1003, 'Misiones 374, San Isidro', '1174859623', 'toniobanderas@hotmail.com');
insert into paciente values ( 14, 'Penélope', 'Cruz', 26843951, '1974-04-28', 200, 2004, 'Maipu 2479, Polvorines', '1184597486', 'pencruz@gmail.com');
insert into paciente values ( 15, 'Channing', 'Tatum', 34946851, '1980-04-26', 100, 1004, 'Las Heras 539, San Miguel', '1141546874', 'channingtatum@yahoo.com');
insert into paciente values ( 16, 'Adam', 'Sandler', 22718253, '1966-09-09', null, null, 'Buenos Aires 1656, Don Torcuato', '1144526398', 'adamsandler@gmail.com');
insert into paciente values ( 17, 'Ben', 'Stiller', 19745852, '1960-05-11', 200, 2005, 'Eva Peron 1345, Grand Bourg', '1158759623', 'benstiller@hotmail.com');
insert into paciente values ( 18, 'Angelina', 'Jolie', 27673951, '1975-06-04', 300, 3003, 'Corrientes 1256, San Miguel', '1174859613', 'angjolie@gmail.com');
insert into paciente values ( 19, 'John', 'Travolta', 14723441, '1954-02-18', 300, 3004, 'Santa Fe 2523, CABA', '1144526344', 'johntravolta@gmail.com');
insert into paciente values ( 20, 'Brad', 'Pitt', 21739852, '1963-12-18', 200, 2006, 'Pte. Peron 433, San Miguel', '1122536892', 'bradp@yahoo.com');

insert into medique values(31759846, 'Juan','Perez','clínico', 514.5, 1174859623);
insert into medique values(28455749, 'Pedro','Corvalan','clínico', 423.95, 1152869341);
insert into medique values(30668951, 'Alfredo','Mendez','cardiología', 1023.5, 1147852639);
insert into medique values(19512639, 'Claudia','Pacheco','clínico', 723.31, 1142758693);
insert into medique values(25748596, 'Esteban','Roig','clínico', 416.96, 1152647382);
insert into medique values(30205816, 'Beatriz','Mendieta','clínico', 1569.33, 1194758623);
insert into medique values(33850951, 'Juan Carlos','Caputo','clínico', 963.70, 1134526282);
insert into medique values(20147852, 'Alberto','Semit','ginecología', 4347, 1144552368);
insert into medique values(18945123, 'Javier','Greco','clínico', 698.83, 1155237896);
insert into medique values(27401511, 'Ana Maria','Lopez','clínico', 752.13, 11012586);
insert into medique values(29564812, 'Augusto','Gutierrez','clínico', 968.8, 11602539);
insert into medique values(30514789, 'Franco','Campanella','clínico', 421, 11547082);
insert into medique values(18308511, 'Lucia','Ricardini','osteopatía', 372.7, 1122526230);
insert into medique values(22174850, 'Juan Jose','Di Marco','clínico', 469.75, 1171815020);
insert into medique values(25013965, 'Walter','Gomez','clínico', 961.23, 1195648023);
insert into medique values(21980541, 'Carlos','Scasso','clínico', 847.4, 1175958072);
insert into medique values(26845623, 'Melisa','Lissi','clínico', 375, 1140536292);
insert into medique values(21036258, 'Juan Martin','Delgado','clínico', 400, 1177839254);
insert into medique values(31540210, 'Luciana','Bentancur','clínico', 500, 1137759062);
insert into medique values(29541019, 'Romina','Ricci','clínico', 600, 1141489806);


insert into consultorio values (01, 'Consultorio Fatima', 'Franklin 369', 'B1603AKX', '023204578961');
insert into consultorio values (02, 'Médicos del Pilar', 'Las Camelias 5648', 'B1669AMX', '1165784800');
insert into consultorio values (03, 'Consultorio Lilo', 'San Andres 1363', 'B1744RSX', '02374408902');
insert into consultorio values (04, 'Consultorios Sarmiento', 'Condarco 1321', 'B1633AKX', '1167151898');
insert into consultorio values (05, 'Su medicina', 'Mitre 589', 'B1664GDH', '02408975000');
insert into consultorio values (06, 'Clinicos', 'Belgrano 23', 'B1664GDH', '1148569701');
insert into consultorio values (07, 'Medicos.com', 'San Nicolás 5894', 'B1689LKH', '1100205264');
insert into consultorio values (08, 'SuSalud', 'Juramento 877', 'C1428DMF', '01145131620');
insert into consultorio values (09, 'Consultorios privados', 'Drago 1301','B1534XRA', '02320457025');
insert into consultorio values (10, 'Consultorios privados', 'Drago 1301', 'B1534XRA', '02320457025');


insert into agenda values (31759846, 1, 01, '9:00', '14:00', INTERVAL '20' MINUTE); --clinico, 2 dias
insert into agenda values (31759846, 4, 05, '12:00', '18:00', INTERVAL '20' MINUTE);
insert into agenda values (28455749, 1, 02, '8:00', '12:00', INTERVAL '15' MINUTE);
insert into agenda values (30668951, 1, 03, '9:00', '16:00', INTERVAL '15' MINUTE); --cardiologo, 2 dias
insert into agenda values (30668951, 3, 03, '9:00', '16:00', INTERVAL '15' MINUTE);
insert into agenda values (19512639, 1, 07, '12:00', '19:00', INTERVAL '20' MINUTE);
insert into agenda values (25748596, 2, 01, '08:30', '14:30', INTERVAL '15' MINUTE);
insert into agenda values (30205816, 2, 04, '10:00', '16:00', INTERVAL '15' MINUTE);
insert into agenda values (33850951, 2, 06, '13:00', '18:00', INTERVAL '15' MINUTE);
insert into agenda values (20147852, 2, 07, '09:00', '13:00', INTERVAL '20' MINUTE); --ginecologia, 2 dias
insert into agenda values (20147852, 4, 02, '09:00', '13:00', INTERVAL '20' MINUTE); 
insert into agenda values (18945123, 2, 09, '08:30', '16:30', INTERVAL '30' MINUTE); --osteopatia
insert into agenda values (27401511, 2, 06, '08:00', '12:00', INTERVAL '20' MINUTE);
insert into agenda values (29564812, 3, 01, '09:00', '15:00', INTERVAL '15' MINUTE);
insert into agenda values (30514789, 3, 05, '08:30', '14:30', INTERVAL '15' MINUTE);
insert into agenda values (18308511, 3, 08, '12:30', '18:00', INTERVAL '15' MINUTE);
insert into agenda values (22174850, 4, 02, '13:30', '19:30', INTERVAL '15' MINUTE);
insert into agenda values (25013965, 4, 04, '12:00', '18:00', INTERVAL '15' MINUTE);
insert into agenda values (21980541, 4, 07, '08:00', '14:00', INTERVAL '15' MINUTE);
insert into agenda values (26845623, 4, 09, '14:00', '18:00', INTERVAL '20' MINUTE);
insert into agenda values (21036258, 5, 01, '12:00', '18:00', INTERVAL '15' MINUTE);
insert into agenda values (31540210, 5, 03, '09:30', '14:00', INTERVAL '15' MINUTE);
insert into agenda values (29541019, 5, 06, '10:00', '17:00', INTERVAL '15' MINUTE);


insert into cobertura values (31759846, 100, 0, 514.5);
insert into cobertura values (31759846, 300, 200, 314.5);
insert into cobertura values (28455749, 100, 0, 423.95);
insert into cobertura values (30668951, 100, 0, 1023.5);
insert into cobertura values (30668951, 400, 400, 623.5);
insert into cobertura values (19512639, 100, 0,723.31);
insert into cobertura values (25748596, 100, 216,200.96);
insert into cobertura values (30205816, 100,1000, 569.33);
insert into cobertura values (33850951, 100,0, 963.70);
insert into cobertura values (20147852, 200, 1000, 3347);
insert into cobertura values (18945123, 200, 0, 698.83);
insert into cobertura values (27401511, 200, 500, 252.13);
insert into cobertura values (29564812, 200, 600, 368.8);
insert into cobertura values (30514789, 200, 0, 421);
insert into cobertura values (18308511, 300, 0, 372.7);
insert into cobertura values (22174850, 300, 100, 369.75);
insert into cobertura values (25013965, 300, 561.23, 400);
insert into cobertura values (21980541, 300, 0, 847.4);
insert into cobertura values (26845623, 400, 0, 375);
insert into cobertura values (21036258, 400, 200, 200);
insert into cobertura values (31540210, 400, 0, 500);
insert into cobertura values (29541019, 400, 200, 300);

